genome_name,source,species,resistance_profile,sra_accession
EPAC004,Patient,B. pseudomallei,"Resistant to SXT; Susceptible to AMC, CAZ; Not determined: IPM",SRR27387708
EPAC006,Patient,B. pseudomallei,"Resistant to SXT; Susceptible to AMC, CAZ, IPM",SRR27387706
EPAC013,Patient,B. pseudomallei,"Resistant to SXT; Susceptible to AMC, CAZ, IPM",SRR27387705
EPAC021,Patient,B. pseudomallei,"Resistant to SXT; Susceptible to AMC, CAZ, IPM",SRR27387702
EPAC023,Patient,B. pseudomallei,"Resistant to SXT; Susceptible to AMC, CAZ, IPM",SRR27387701
EPAC032,Patient,B. pseudomallei,"Resistant to SXT; Susceptible to AMC, CAZ, IPM",SRR27387699
EPAC036,Patient,B. pseudomallei,"Resistant to SXT; Susceptible to AMC, CAZ, IPM",SRR27387697
EPAC037,Patient,B. pseudomallei,"Resistant to SXT; Susceptible to AMC, CAZ, IPM",SRR27387696
EPAC038,Patient,B. pseudomallei,"Resistant to SXT; Susceptible to AMC, CAZ, IPM",SRR27387695
EPAC039,Patient,B. pseudomallei,"Resistant to SXT; Susceptible to AMC, CAZ, IPM",SRR27387694
EPAC048,Patient,B. pseudomallei,"Resistant to SXT; Susceptible to AMC, CAZ, IPM",SRR27387692
EPAC049,Patient,B. pseudomallei,"Resistant to SXT; Susceptible to AMC, CAZ, IPM",SRR27387691
EPAC050,Patient,B. pseudomallei,"Resistant to SXT; Susceptible to AMC, CAZ, IPM",SRR27387690
EPAC053,Patient,B. pseudomallei,"Resistant to SXT; Susceptible to AMC, CAZ, IPM",SRR27387689
EPAC055,Patient,B. pseudomallei,"Resistant to SXT; Susceptible to AMC, CAZ, IPM",SRR27387688
EPAC065,Patient,B. pseudomallei,"Resistant to SXT; Susceptible to AMC, CAZ, IPM",SRR27387687
EPAC066,Patient,B. pseudomallei,"Resistant to SXT; Susceptible to AMC, CAZ, IPM",SRR27387993
EPAC071,Patient,B. pseudomallei,"Resistant to SXT; Susceptible to AMC, CAZ, IPM",SRR27387992
EPBR007,Patient,B. pseudomallei,"Resistant to AMC, SXT; Susceptible to CAZ, IPM",SRR27387990
EPBR012,Patient,B. pseudomallei,"Resistant to AMC, SXT; Susceptible to CAZ; Not determined: IPM",SRR27387987
EPBR017,Patient,B. pseudomallei,"Resistant to AMC, SXT; Susceptible to CAZ; Not determined: IPM",SRR27387985
EPBR048,Patient,B. pseudomallei,"Resistant to AMC, SXT; Susceptible to CAZ; Not determined: IPM",SRR27387814
EPBR064,Patient,B. pseudomallei,"Resistant to AMC, SXT; Susceptible to CAZ; Not determined: IPM",SRR27387811
EPCP163,Patient,B. pseudomallei,"Resistant to SXT; Susceptible to AMC, CAZ; Not determined: IPM",SRR27387786
EPMN061,Patient,B. pseudomallei,"Resistant to SXT; Susceptible to AMC, CAZ; Not determined: IPM",SRR27387965
EPMN069,Patient,B. pseudomallei,"Resistant to SXT; Susceptible to AMC, CAZ; Not determined: IPM",SRR27387964
EPMN081,Patient,B. pseudomallei,"Resistant to SXT; Susceptible to AMC, CAZ; Not determined: IPM",SRR27387961
EPMN102,Patient,B. pseudomallei,"Resistant to SXT; Susceptible to AMC, CAZ; Not determined: IPM",SRR27387955
EPMN107,Patient,B. pseudomallei,"Resistant to SXT; Susceptible to AMC, CAZ; Not determined: IPM",SRR27387953
EPMN110,Patient,B. pseudomallei,"Resistant to SXT; Susceptible to AMC, CAZ; Not determined: IPM",SRR27387950
EPMN130,Patient,B. pseudomallei,"Resistant to SXT; Susceptible to AMC, CAZ; Not determined: IPM",SRR27387946
EPMN131,Patient,B. pseudomallei,"Resistant to SXT; Susceptible to AMC, CAZ; Not determined: IPM",SRR27387945
EPMN174,Patient,B. pseudomallei,"Resistant to SXT; Susceptible to AMC, CAZ; Not determined: IPM",SRR27388114
EPMN182,Patient,B. pseudomallei,"Resistant to SXT; Susceptible to AMC, CAZ; Not determined: IPM",SRR27388112
EPMN193,Patient,B. pseudomallei,"Resistant to SXT; Susceptible to AMC, CAZ; Not determined: IPM",SRR27388110
EPNK004,Patient,B. pseudomallei,"Resistant to SXT; Susceptible to AMC, CAZ; Not determined: IPM",SRR27388105
EPNK005,Patient,B. pseudomallei,"Resistant to SXT; Susceptible to AMC, CAZ; Not determined: IPM",SRR27388104
EPNK007,Patient,B. pseudomallei,"Resistant to SXT; Susceptible to AMC, CAZ; Not determined: IPM",SRR27388103
EPNK008,Patient,B. pseudomallei,"Resistant to SXT; Susceptible to AMC, CAZ; Not determined: IPM",SRR27388102
EPNK009,Patient,B. pseudomallei,"Resistant to SXT; Susceptible to AMC, CAZ; Not determined: IPM",SRR27388101
EPNK010,Patient,B. pseudomallei,"Resistant to SXT; Susceptible to AMC, CAZ; Not determined: IPM",SRR27388100
EPNK011,Patient,B. pseudomallei,"Resistant to SXT; Susceptible to AMC, CAZ; Not determined: IPM",SRR27388099
EPNK013,Patient,B. pseudomallei,"Resistant to SXT; Susceptible to AMC, CAZ; Not determined: IPM",SRR27388098
EPNK016,Patient,B. pseudomallei,"Resistant to SXT; Susceptible to AMC, CAZ; Not determined: IPM",SRR27388096
EPNK018,Patient,B. pseudomallei,"Resistant to SXT; Susceptible to AMC, CAZ; Not determined: IPM",SRR27388095
EPNK019,Patient,B. pseudomallei,"Resistant to SXT; Susceptible to AMC, CAZ; Not determined: IPM",SRR27388094
EPNK020,Patient,B. pseudomallei,"Resistant to SXT; Susceptible to AMC, CAZ; Not determined: IPM",SRR27388093
EPNK022,Patient,B. pseudomallei,"Resistant to SXT; Susceptible to AMC, CAZ; Not determined: IPM",SRR27388092
EPNK025,Patient,B. pseudomallei,"Resistant to SXT; Susceptible to AMC, CAZ; Not determined: IPM",SRR27388091
EPNK029,Patient,B. pseudomallei,"Resistant to SXT; Susceptible to AMC, CAZ; Not determined: IPM",SRR27388090
EPNK038,Patient,B. pseudomallei,"Resistant to SXT; Susceptible to AMC, CAZ; Not determined: IPM",SRR27387782
EPNK039,Patient,B. pseudomallei,"Resistant to SXT; Susceptible to AMC, CAZ; Not determined: IPM",SRR27387781
EPNK044,Patient,B. pseudomallei,"Resistant to SXT; Susceptible to AMC, CAZ; Not determined: IPM",SRR27387780
EPNK046,Patient,B. pseudomallei,"Resistant to SXT; Susceptible to AMC, CAZ; Not determined: IPM",SRR27387778
EPNK047,Patient,B. pseudomallei,"Resistant to SXT; Susceptible to AMC, CAZ; Not determined: IPM",SRR27387777
EPNK049,Patient,B. pseudomallei,"Resistant to SXT; Susceptible to AMC, CAZ; Not determined: IPM",SRR27387776
EPNK052,Patient,B. pseudomallei,"Resistant to SXT; Susceptible to AMC, CAZ; Not determined: IPM",SRR27387775
EPNK055,Patient,B. pseudomallei,"Resistant to SXT; Susceptible to AMC, CAZ; Not determined: IPM",SRR27387774
EPNK056,Patient,B. pseudomallei,"Resistant to SXT; Susceptible to AMC, CAZ; Not determined: IPM",SRR27387773
EPNK057,Patient,B. pseudomallei,"Resistant to SXT; Susceptible to AMC, CAZ; Not determined: IPM",SRR27387772
EPNK061,Patient,B. pseudomallei,"Resistant to SXT; Susceptible to AMC, CAZ; Not determined: IPM",SRR27387771
EPNK064,Patient,B. pseudomallei,"Resistant to SXT; Susceptible to AMC, CAZ; Not determined: IPM",SRR27387770
EPNK068,Patient,B. pseudomallei,"Resistant to SXT; Susceptible to AMC, CAZ; Not determined: IPM",SRR27387769
EPNK073,Patient,B. pseudomallei,"Resistant to SXT; Susceptible to AMC, CAZ; Not determined: IPM",SRR27387767
EPNK076,Patient,B. pseudomallei,"Resistant to SXT; Susceptible to AMC, CAZ; Not determined: IPM",SRR27387766
EPNK077,Patient,B. pseudomallei,"Resistant to SXT; Susceptible to AMC, CAZ; Not determined: IPM",SRR27387765
EPNK082,Patient,B. pseudomallei,"Resistant to SXT; Susceptible to AMC, CAZ; Not determined: IPM",SRR27387764
EPNK085,Patient,B. pseudomallei,"Resistant to SXT; Susceptible to AMC, CAZ; Not determined: IPM",SRR27387763
EPNK087,Patient,B. pseudomallei,"Resistant to SXT; Susceptible to AMC, CAZ; Not determined: IPM",SRR27387762
EPNK090,Patient,B. pseudomallei,"Resistant to SXT; Susceptible to AMC, CAZ; Not determined: IPM",SRR27387761
EPNK093,Patient,B. pseudomallei,"Resistant to SXT; Susceptible to AMC, CAZ; Not determined: IPM",SRR27387760
EPNK096,Patient,B. pseudomallei,"Resistant to SXT; Susceptible to AMC, CAZ; Not determined: IPM",SRR27387759
EPNK099,Patient,B. pseudomallei,"Resistant to SXT; Susceptible to AMC, CAZ; Not determined: IPM",SRR27387758
EPNK103,Patient,B. pseudomallei,"Resistant to SXT; Susceptible to AMC, CAZ; Not determined: IPM",SRR27387756
EPNK107,Patient,B. pseudomallei,"Resistant to SXT; Susceptible to AMC, CAZ; Not determined: IPM",SRR27387755
EPNK108,Patient,B. pseudomallei,"Resistant to SXT; Susceptible to AMC, CAZ; Not determined: IPM",SRR27387754
EPNK113,Patient,B. pseudomallei,"Resistant to SXT; Susceptible to AMC, CAZ; Not determined: IPM",SRR27387753
EPNK115,Patient,B. pseudomallei,"Resistant to SXT; Susceptible to AMC, CAZ; Not determined: IPM",SRR27387752
EPNK119,Patient,B. pseudomallei,"Resistant to SXT; Susceptible to AMC, CAZ; Not determined: IPM",SRR27387751
EPNK123,Patient,B. pseudomallei,"Resistant to SXT; Susceptible to AMC, CAZ; Not determined: IPM",SRR27388089
EPNK128,Patient,B. pseudomallei,"Resistant to SXT; Susceptible to AMC, CAZ; Not determined: IPM",SRR27388088
EPNK131,Patient,B. pseudomallei,"Resistant to SXT; Susceptible to AMC, CAZ; Not determined: IPM",SRR27388087
EPNK137,Patient,B. pseudomallei,"Resistant to SXT; Susceptible to AMC, CAZ; Not determined: IPM",SRR27388086
EPNK144,Patient,B. pseudomallei,"Resistant to SXT; Susceptible to AMC, CAZ; Not determined: IPM",SRR27388084
EPNK146,Patient,B. pseudomallei,"Resistant to SXT; Susceptible to AMC, CAZ; Not determined: IPM",SRR27388083
EPNK150,Patient,B. pseudomallei,"Resistant to SXT; Susceptible to AMC, CAZ; Not determined: IPM",SRR27388082
EPNK154,Patient,B. pseudomallei,"Resistant to SXT; Susceptible to AMC, CAZ; Not determined: IPM",SRR27388081
EPNK158,Patient,B. pseudomallei,"Resistant to SXT; Susceptible to AMC, CAZ; Not determined: IPM",SRR27388080
EPNK163,Patient,B. pseudomallei,"Resistant to SXT; Susceptible to AMC, CAZ; Not determined: IPM",SRR27388079
EPNK169,Patient,B. pseudomallei,"Resistant to SXT; Susceptible to AMC, CAZ; Not determined: IPM",SRR27388078
EPNK178,Patient,B. pseudomallei,"Resistant to SXT; Susceptible to AMC, CAZ; Not determined: IPM",SRR27388077
EPNK193,Patient,B. pseudomallei,"Resistant to SXT; Susceptible to AMC, CAZ; Not determined: IPM",SRR27388076
EPNK195,Patient,B. pseudomallei,"Resistant to SXT; Susceptible to AMC, CAZ; Not determined: IPM",SRR27388075
EPNP202,Patient,B. pseudomallei,"Resistant to SXT; Susceptible to AMC, CAZ, IPM",SRR27388070
EPNP203,Patient,B. pseudomallei,"Resistant to SXT; Susceptible to AMC, CAZ, IPM",SRR27388069
EPSK001,Patient,B. pseudomallei,"Resistant to SXT; Susceptible to AMC, CAZ, IPM",SRR27388067
EPSK003,Patient,B. pseudomallei,"Resistant to SXT; Susceptible to AMC, CAZ, IPM",SRR27388066
EPSK004,Patient,B. pseudomallei,"Resistant to SXT; Susceptible to AMC, CAZ, IPM",SRR27388065
EPSK005,Patient,B. pseudomallei,"Resistant to SXT; Susceptible to AMC, CAZ, IPM",SRR27388064
EPSK013,Patient,B. pseudomallei,"Resistant to SXT; Susceptible to AMC, CAZ, IPM",SRR27388062
EPSK017,Patient,B. pseudomallei,"Resistant to SXT; Susceptible to AMC, CAZ, IPM",SRR27388061
EPSK022,Patient,B. pseudomallei,"Resistant to SXT; Susceptible to AMC, CAZ, IPM",SRR27388060
EPSK027,Patient,B. pseudomallei,"Resistant to SXT; Susceptible to AMC, CAZ, IPM",SRR27388059
EPSK038,Patient,B. pseudomallei,"Resistant to SXT; Susceptible to AMC, CAZ, IPM",SRR27388058
EPSK039,Patient,B. pseudomallei,"Resistant to SXT; Susceptible to AMC, CAZ, IPM",SRR27387942
EPSK040,Patient,B. pseudomallei,"Resistant to SXT; Susceptible to AMC, CAZ, IPM",SRR27387941
EPSK048,Patient,B. pseudomallei,"Resistant to SXT; Susceptible to AMC, CAZ, IPM",SRR27387940
EPSK052,Patient,B. pseudomallei,"Resistant to SXT; Susceptible to AMC, CAZ, IPM",SRR27387939
EPSK054,Patient,B. pseudomallei,"Resistant to SXT; Susceptible to AMC, CAZ, IPM",SRR27387938
EPSK058,Patient,B. pseudomallei,"Resistant to SXT; Susceptible to AMC, CAZ, IPM",SRR27387936
EPSK060,Patient,B. pseudomallei,"Resistant to SXT; Susceptible to AMC, CAZ, IPM",SRR27387935
EPSK065,Patient,B. pseudomallei,"Resistant to SXT; Susceptible to AMC, CAZ, IPM",SRR27387934
EPSK069,Patient,B. pseudomallei,"Resistant to SXT; Susceptible to AMC, CAZ, IPM",SRR27387933
EPSK073,Patient,B. pseudomallei,"Resistant to SXT; Susceptible to AMC, CAZ, IPM",SRR27387932
EPSK077,Patient,B. pseudomallei,"Resistant to SXT; Susceptible to AMC, CAZ, IPM",SRR27387931
EPSK081,Patient,B. pseudomallei,"Resistant to SXT; Susceptible to AMC, CAZ, IPM",SRR27387930
EPSK086,Patient,B. pseudomallei,"Resistant to SXT; Susceptible to AMC, CAZ, IPM",SRR27387929
MSHR0052,Patient,B. pseudomallei,"Resistant to MEM; Susceptible to SXT, AMC, IPM",SRR5818275
MSHR0492,Patient,B. pseudomallei,"Susceptible to MEM, SXT, AMC; Not determined: IPM",SRR6075119
MSHR0535,Patient,B. pseudomallei,"Susceptible to MEM, SXT, AMC; Not determined: IPM",SRR6075120
MSHR0647,Patient,B. pseudomallei,"Susceptible to MEM, AMC; Not determined: SXT, IPM",SRR6075117
MSHR0664,Patient,B. pseudomallei,"Susceptible to MEM, SXT, AMC, IPM; Not determined: ",SRR5927082
MSHR0678,Patient,B. pseudomallei,"Resistant to MEM; Susceptible to SXT, AMC; Not determined: IPM",SRR6075118
MSHR0800,Patient,B. pseudomallei,"Resistant to MEM; Susceptible to SXT, IPM; Not determined: AMC",SRR6075115
MSHR0913,Patient (CF),B. pseudomallei,"Susceptible to CAZ, MEM, SXT, AMC",SRR3404575
MSHR0934,Patient,B. pseudomallei,"Susceptible to MEM, SXT, AMC; Not determined: IPM",SRR6075116
MSHR0937,Patient,B. pseudomallei,"Resistant to MEM, AMC; Susceptible to SXT, IPM",SRR2886988
MSHR1053,Patient (CF),B. pseudomallei,"Susceptible to CAZ, MEM, SXT, AMC;",SRR3404578
MSHR1141,Patient,B. pseudomallei,"Susceptible to MEM, SXT, AMC; Not determined: IPM",SRR6075113
MSHR1300,Patient,B. pseudomallei,"Resistant to MEM, TZ; Susceptible to SXT, AMC, IPM",SRR6075114
MSHR3763,Patient,B. pseudomallei,"Susceptible to MEM, SXT, AMC; Not determined: IPM",SRR2887021
MSHR4083,Patient,B. pseudomallei,"Resistant to MEM, SXT; Susceptible to AMC, IPM",SRR2887030
MSHR5651,Patient (CF),B. pseudomallei,"Resistant to ; Susceptible to CAZ, MEM, SXT, AMC",SRR3381886
MSHR5654,Patient (CF),B. pseudomallei,"Resistant to CAZ, SXT, ; Susceptible to MEM, AMC",NA
MSHR5655,Patient (CF),B. pseudomallei,"Resistant to SXT; Susceptible to CAZ, MEM, AMC",SRR3382211
MSHR5656,Patient (CF),B. pseudomallei,"Resistant to SXT; Susceptible to CAZ, MEM, AMC",NA
MSHR5662,Patient (CF),B. pseudomallei,"Susceptible to CAZ, MEM, SXT, AMC",SRR3381885
MSHR5665,Patient (CF),B. pseudomallei,"Resistant to SXT; Susceptible to CAZ, MEM, AMC",NA
MSHR5666,Patient (CF),B. pseudomallei,"Resistant to SXT; Susceptible to CAZ, MEM, AMC",NA
MSHR5667,Patient (CF),B. pseudomallei,"Resistant to SXT; Susceptible to CAZ, MEM, AMC",NA
MSHR5669,Patient (CF),B. pseudomallei,"Resistant to SXT; Susceptible to CAZ, MEM, AMC",NA
MSHR5670,Patient (CF),B. pseudomallei,"Susceptible to CAZ, MEM, SXT, AMC",NA
MSHR5864,Patient,B. pseudomallei,"Susceptible to MEM, SXT, AMC; Not determined: IPM",SRR6075121
MSHR6522,Patient,B. pseudomallei,"Susceptible to MEM, SXT, AMC; Not determined: IPM",SRR6075128
MSHR6755,Patient,B. pseudomallei,"Resistant to MEM; Susceptible to SXT, AMC, IPM",SRR6075122
MSHR7587,Patient,B. pseudomallei,"Resistant to MEM; Susceptible to SXT, AMC; Not determined: IPM",SRR6075129
MSHR7929,Patient,B. pseudomallei,"Resistant to MEM, SXT; Susceptible to AMC, IPM",SRR6075126
MSHR8436,Patient (CF),B. pseudomallei,"Susceptible to CAZ, MEM, SXT, AMC",SRR3381934
MSHR8437,Patient (CF),B. pseudomallei,"Susceptible to CAZ, MEM, SXT, AMC",NA
MSHR8438,Patient (CF),B. pseudomallei,"Susceptible to CAZ, MEM, SXT, AMC",SRR3382015
MSHR8440,Patient (CF),B. pseudomallei,"Susceptible to CAZ, MEM, SXT, AMC",NA
MSHR8441,Patient (CF),B. pseudomallei,"Resistant to CAZ, TMEM/SMX; Susceptible to MEM, AMC;",SRR3382162
MSHR8442,Patient (CF),B. pseudomallei,"Resistant to SXT; Susceptible to CAZ, MEM, AMC;",NA
MSHR8481,Patient,B. pseudomallei,"Resistant to MEM; Susceptible to SXT, AMC, IPM",SRR6075123
MSHR8544,Patient,B. pseudomallei,"Susceptible to MEM, SXT, AMC; Not determined: IPM",SRR6075125
MSHR9021,Patient,B. pseudomallei,"Resistant to MEM; Susceptible to SXT, IPM; Not determined: AMC",SRR6075127
MSHR9039,Patient,B. pseudomallei,"Susceptible to MEM, SXT; Not determined: AMC, IPM",SRR6075124
SH007,Patient,B. pseudomallei,"Susceptible to AMC, CAZ, IPM, SXT",SRR27388142
SH008,Patient,B. pseudomallei,"Susceptible to AMC, CAZ, IPM, SXT",SRR27388141
SH009,Patient,B. pseudomallei,"Susceptible to AMC, CAZ, IPM, SXT",SRR27388139
SH010,Patient,B. pseudomallei,"Susceptible to AMC, CAZ, IPM, SXT",SRR27388138
SH011,Patient,B. pseudomallei,"Susceptible to AMC, CAZ, IPM, SXT",SRR27388137
SH012,Patient,B. pseudomallei,"Susceptible to AMC, CAZ, IPM, SXT",SRR27388136
SH016,Patient,B. pseudomallei,"Susceptible to AMC, CAZ, IPM, SXT",SRR27388132
SH017,Patient,B. pseudomallei,"Susceptible to AMC, CAZ, IPM, SXT",SRR27388131
SH018,Patient,B. pseudomallei,"Susceptible to AMC, CAZ, IPM, SXT",SRR27388130
SH020,Patient,B. pseudomallei,"Susceptible to AMC, CAZ, IPM, SXT",SRR27388127
SH021,Patient,B. pseudomallei,"Susceptible to AMC, CAZ, IPM, SXT",SRR27388126
SH022,Patient,B. pseudomallei,"Susceptible to AMC, CAZ, IPM, SXT",SRR27388125
SH023,Patient,B. pseudomallei,"Susceptible to AMC, CAZ, IPM, SXT",SRR27388124
SH026,Patient,B. pseudomallei,"Susceptible to AMC, CAZ, IPM, SXT",SRR27387878
SH027,Patient,B. pseudomallei,"Susceptible to AMC, CAZ, IPM, SXT",SRR27387877
SH028,Patient,B. pseudomallei,"Susceptible to AMC, CAZ, IPM, SXT",SRR27387876
SH029,Patient,B. pseudomallei,"Susceptible to AMC, CAZ, IPM, SXT",SRR27387874
SH030,Patient,B. pseudomallei,"Susceptible to AMC, CAZ, IPM, SXT",SRR27387873
SH031,Patient,B. pseudomallei,"Susceptible to AMC, CAZ, IPM, SXT",SRR27387872
SH032,Patient,B. pseudomallei,"Susceptible to AMC, CAZ, IPM, SXT",SRR27387871
SH033,Patient,B. pseudomallei,"Susceptible to AMC, CAZ, IPM, SXT",SRR27387870
SH034,Patient,B. pseudomallei,"Susceptible to AMC, CAZ, IPM, SXT",SRR27387869
SH035,Patient,B. pseudomallei,"Susceptible to AMC, CAZ, IPM, SXT",SRR27387868
SH036,Patient,B. pseudomallei,"Susceptible to AMC, CAZ, IPM, SXT",SRR27387867
SH037,Patient,B. pseudomallei,"Susceptible to AMC, CAZ, IPM, SXT",SRR27387866
SH038,Patient,B. pseudomallei,"Susceptible to AMC, CAZ, IPM, SXT",SRR27387865
SH039,Patient,B. pseudomallei,"Susceptible to AMC, CAZ, IPM, SXT",SRR27387863
SH040,Patient,B. pseudomallei,"Susceptible to AMC, CAZ, IPM, SXT",SRR27387862
SH041,Patient,B. pseudomallei,"Susceptible to AMC, CAZ, IPM, SXT",SRR27387861
SH042,Patient,B. pseudomallei,"Susceptible to AMC, CAZ, IPM, SXT",SRR27387860
SH043,Patient,B. pseudomallei,"Susceptible to AMC, CAZ, IPM, SXT",SRR27387859
SH044,Patient,B. pseudomallei,"Susceptible to AMC, CAZ, IPM, SXT",SRR27387858
SH045,Patient,B. pseudomallei,"Susceptible to AMC, CAZ, IPM, SXT",SRR27387857
SH046,Patient,B. pseudomallei,"Susceptible to AMC, CAZ, IPM, SXT",SRR27387856
SH047,Patient,B. pseudomallei,"Susceptible to AMC, CAZ, IPM, SXT",SRR27387855
SH048,Patient,B. pseudomallei,"Susceptible to AMC, CAZ, IPM, SXT",SRR27387854
SH049,Patient,B. pseudomallei,"Susceptible to AMC, CAZ, IPM, SXT",SRR27387851
SH050,Patient,B. pseudomallei,"Susceptible to AMC, CAZ, IPM, SXT",SRR27387850
SH051,Patient,B. pseudomallei,"Susceptible to AMC, CAZ, IPM, SXT",SRR27387849
SH052,Patient,B. pseudomallei,"Susceptible to AMC, CAZ, IPM, SXT",SRR27387848
SH053,Patient,B. pseudomallei,"Susceptible to AMC, CAZ, IPM, SXT",SRR27387847
SH054,Patient,B. pseudomallei,"Susceptible to AMC, CAZ, IPM, SXT",SRR27388025
SH055,Patient,B. pseudomallei,"Susceptible to AMC, CAZ, IPM, SXT",SRR27388024
SH056,Patient,B. pseudomallei,"Susceptible to AMC, CAZ, IPM, SXT",SRR27388023
SH057,Patient,B. pseudomallei,"Susceptible to AMC, CAZ, IPM, SXT",SRR27388022
SH059,Patient,B. pseudomallei,"Susceptible to AMC, CAZ, IPM, SXT",SRR27388019
SH060,Patient,B. pseudomallei,"Susceptible to AMC, CAZ, IPM, SXT",SRR27388018
SH061,Patient,B. pseudomallei,"Susceptible to AMC, CAZ, IPM, SXT",SRR27388017
SH062,Patient,B. pseudomallei,"Susceptible to AMC, CAZ, IPM, SXT",SRR27388016
SH063,Patient,B. pseudomallei,"Susceptible to AMC, CAZ, IPM, SXT",SRR27388015
SH064,Patient,B. pseudomallei,"Susceptible to AMC, CAZ, IPM, SXT",SRR27388014
SH065,Patient,B. pseudomallei,"Susceptible to AMC, CAZ, IPM, SXT",SRR27388013
SH066,Patient,B. pseudomallei,"Susceptible to AMC, CAZ, IPM, SXT",SRR27388012
SH067,Patient,B. pseudomallei,"Susceptible to AMC, CAZ, IPM, SXT",SRR27388011
SH068,Patient,B. pseudomallei,"Susceptible to AMC, CAZ, IPM, SXT",SRR27388010
SH069,Patient,B. pseudomallei,"Susceptible to AMC, CAZ, IPM, SXT",SRR27388008
SH070,Patient,B. pseudomallei,"Susceptible to AMC, CAZ, IPM, SXT",SRR27388007
SH071,Patient,B. pseudomallei,"Susceptible to AMC, CAZ, IPM, SXT",SRR27388006
SH072,Patient,B. pseudomallei,"Susceptible to AMC, CAZ, IPM, SXT",SRR27388005
SH073,Patient,B. pseudomallei,"Susceptible to AMC, CAZ, IPM, SXT",SRR27388004
SH074,Patient,B. pseudomallei,"Susceptible to AMC, CAZ, IPM, SXT",SRR27388003
SH075,Patient,B. pseudomallei,"Susceptible to AMC, CAZ, IPM, SXT",SRR27388002
SH076,Patient,B. pseudomallei,"Susceptible to AMC, CAZ, IPM, SXT",SRR27388001
SH077,Patient,B. pseudomallei,"Susceptible to AMC, CAZ, IPM, SXT",SRR27388000
SH078,Patient,B. pseudomallei,"Susceptible to AMC, CAZ, IPM, SXT",SRR27387999
SH079,Patient,B. pseudomallei,"Susceptible to AMC, CAZ, IPM, SXT",SRR27387997
SH080,Patient,B. pseudomallei,"Susceptible to AMC, CAZ, IPM, SXT",SRR27387996
SH081,Patient,B. pseudomallei,"Susceptible to AMC, CAZ, IPM, SXT",SRR27387995
SH083,Patient,B. pseudomallei,"Susceptible to AMC, CAZ, IPM, SXT",SRR27387846
SH084,Patient,B. pseudomallei,"Susceptible to AMC, CAZ, IPM, SXT",SRR27387845
SH085,Patient,B. pseudomallei,"Resistant to SXT; Susceptible to AMC, CAZ, IPM",SRR27387844
SH086,Patient,B. pseudomallei,"Susceptible to AMC, CAZ, IPM, SXT",SRR27387843
SH087,Patient,B. pseudomallei,"Susceptible to AMC, CAZ, IPM, SXT",SRR27387842
SH088,Patient,B. pseudomallei,"Susceptible to AMC, CAZ, IPM, SXT",SRR27387841
SH089,Patient,B. pseudomallei,"Susceptible to AMC, CAZ, IPM, SXT",SRR27387839
SH090,Patient,B. pseudomallei,"Susceptible to AMC, CAZ, IPM, SXT",SRR27387838
SH091,Patient,B. pseudomallei,"Susceptible to AMC, CAZ, IPM, SXT",SRR27387837
SH092,Patient,B. pseudomallei,"Susceptible to AMC, CAZ, IPM, SXT",SRR27387836
SH093,Patient,B. pseudomallei,"Susceptible to AMC, CAZ, IPM, SXT",SRR27387835
SH094,Patient,B. pseudomallei,"Susceptible to AMC, CAZ, IPM, SXT",SRR27387834
SH095,Patient,B. pseudomallei,"Susceptible to AMC, CAZ, IPM, SXT",SRR27387833
SH096,Patient,B. pseudomallei,"Susceptible to AMC, CAZ, IPM, SXT",SRR27387832
SH097,Patient,B. pseudomallei,"Susceptible to AMC, CAZ, IPM, SXT",SRR27387831
SH098,Patient,B. pseudomallei,"Susceptible to AMC, CAZ, IPM, SXT",SRR27387830
SH099,Patient,B. pseudomallei,"Susceptible to AMC, CAZ, IPM, SXT",SRR27387828
SH100,Patient,B. pseudomallei,"Susceptible to AMC, CAZ, IPM, SXT",SRR27387827
SH101,Patient,B. pseudomallei,"Susceptible to AMC, CAZ, IPM, SXT",SRR27387826
SH102,Patient,B. pseudomallei,"Susceptible to AMC, CAZ, IPM, SXT",SRR27387825
SH103,Patient,B. pseudomallei,"Susceptible to AMC, CAZ, IPM, SXT",SRR27387824
SH104,Patient,B. pseudomallei,"Susceptible to AMC, CAZ, IPM, SXT",SRR27387823
SH105,Patient,B. pseudomallei,"Susceptible to AMC, CAZ, IPM, SXT",SRR27387822
SH106,Patient,B. pseudomallei,"Susceptible to AMC, CAZ, IPM, SXT",SRR27387821
SH107,Patient,B. pseudomallei,"Susceptible to AMC, CAZ, IPM, SXT",SRR27387820
SH108,Patient,B. pseudomallei,"Susceptible to AMC, CAZ, IPM, SXT",SRR27387819
SH109,Patient,B. pseudomallei,"Susceptible to AMC, CAZ, IPM, SXT",SRR27387817
SH110,Patient,B. pseudomallei,"Susceptible to AMC, CAZ, IPM, SXT",SRR27387816
SH111,Patient,B. pseudomallei,"Susceptible to AMC, CAZ, IPM, SXT",SRR27387815
SRR2102060,Patient,B. pseudomallei,"Resistant to CAZ, AMC; Not determined: SXT, MEM",SRR2102060
SRR2886988,Patient,B. pseudomallei,"Resistant to MEM; Intermediate to SXT, AMC; Not determined: CAZ, ",SRR2886988
SRR2887030,Patient,B. pseudomallei,"Resistant to SXT, MEM; Not determined: CAZ, AMC",SRR2887030
SRR2887062,Patient,B. pseudomallei,"Resistant to SXT; Not determined: CAZ, AMC, MEM",SRR2887062
SRR2975745,Patient,B. pseudomallei,"Resistant to CAZ; Not determined: SXT, AMC, MEM",SRR2975745
SRR32783428,Patient,B. pseudomallei,"Resistant to SXT, MEM; Susceptible to AMC, CAZ",SRR32783428
SRR32783429,Patient,B. pseudomallei,"Resistant to SXT, MEM; Susceptible to AMC, CAZ",SRR32783429
SRR32783430,Patient,B. pseudomallei,"Susceptible to AMC, CAZ, SXT, MEM",SRR32783430
SRR32783431,Patient,B. pseudomallei,"Resistant to SXT; Susceptible to AMC, CAZ, MEM",SRR32783431
SRR32783432,Patient,B. pseudomallei,"Resistant to SXT, MEM; Susceptible to AMC, CAZ",SRR32783432
SRR32783433,Patient,B. pseudomallei,"Susceptible to AMC, CAZ, SXT, MEM ",SRR32783433
SRR32783434,Patient,B. pseudomallei,"Susceptible to AMC, CAZ, SXT, MEM",SRR32783434
SRR3382162,Patient,B. pseudomallei,"Resistant to SXT, CAZ; Not determined: AMC, MEM",SRR3382162
SRR3404570,Patient,B. pseudomallei,"Resistant to CAZ, SXT; Not determined: AMC, MEM",SRR3404570
SRR3404582,Patient,B. pseudomallei,"Resistant to SXT; Not determined: CAZ, AMC, MEM",SRR3404582
SRR3404597,Patient,B. pseudomallei,"Resistant to SXT; Not determined: CAZ, AMC, MEM",SRR3404597
SRR3404598,Patient,B. pseudomallei,"Resistant to SXT, MEM; Not determined: CAZ, AMC",SRR3404598
SRR3404599,Patient,B. pseudomallei,"Resistant to SXT; Not determined: CAZ, AMC, MEM",SRR3404599
SRR3404603,Patient,B. pseudomallei,"Resistant to SXT, MEM; Not determined: CAZ, AMC",SRR3404603
SRR5818275,Patient,B. pseudomallei,"Resistant to MEM; Not determined: CAZ, SXT, AMC",SRR5818275
SRR6075114,Patient,B. pseudomallei,"Resistant to CAZ, MEM, SXT; Not determined: AMC",SRR6075114
SRR6075115,Patient,B. pseudomallei,"Resistant to MEM; Not determined: CAZ, SXT, AMC",SRR6075115
SRR6075118,Patient,B. pseudomallei,"Resistant to MEM; Not determined: CAZ, SXT, AMC",SRR6075118
SRR6075122,Patient,B. pseudomallei,"Resistant to MEM; Not determined: CAZ, SXT, AMC",SRR6075122
SRR6075123,Patient,B. pseudomallei,"Resistant to MEM; Not determined: CAZ, SXT, AMC",SRR6075123
SRR6075126,Patient,B. pseudomallei,"Resistant to SXT, MEM; Not determined: CAZ, AMC",SRR6075126
SRR6075127,Patient,B. pseudomallei,"Resistant to MEM; Not determined: CAZ, SXT, AMC",SRR6075127
SRR6075129,Patient,B. pseudomallei,"Resistant to MEM; Not determined: CAZ, SXT, AMC",SRR6075129
SRR9598635,Patient,B. pseudomallei,"Resistant to CAZ; Not determined: SXT, AMC, MEM",SRR9598635
