sample_id,fold,y_true,y_pred,y_proba
SRR3404582,5,1,0,0.015857766318779068
SRR3404597,5,1,0,0.050312810589392624
SRR3404599,5,1,0,0.023762310209043177
SRR6075124,5,0,0,0.00990777651125597
SRR6075127,5,0,0,0.005810008374923011
SRR27387688,5,1,1,0.9763211767462039
SRR27387702,5,1,1,0.9765255828344056
SRR27387769,5,1,1,0.9975751170691852
SRR27387781,5,1,1,0.976572026339266
SRR27387831,5,0,0,0.09875010993893572
SRR27387841,5,0,0,0.03391857470638024
SRR27387842,5,0,0,0.054494135751828716
SRR27387946,5,1,1,0.8873652305713616
SRR27387964,5,1,1,0.9703710117511062
SRR27387993,5,1,1,0.997949551940593
SRR27388086,5,1,1,0.9795611453219975
SRR27388089,5,1,1,0.9517955296785431
SRR32783430,5,0,1,0.9018286217371919
SRR32783431,5,1,1,0.9998108388842228
SRR32783432,5,1,1,0.998733655789448
SRR32783433,5,0,1,0.9372476662444901
SRR32783434,5,0,1,0.9667168576899587
SRR5927082,3,0,0,1.279371821984729e-07
SRR6075123,3,0,1,0.6422752617853006
SRR6075125,3,0,0,0.4979526869049129
SRR27387687,3,1,1,0.9428336709472984
SRR27387752,3,1,1,0.9822922108464827
SRR27387762,3,1,1,0.9361014586509888
SRR27387764,3,1,1,0.9844495756137257
SRR27387771,3,1,1,0.9957973290880046
SRR27387772,3,1,1,0.9973237557957485
SRR27387780,3,1,1,0.9893589989920891
SRR27387821,3,0,0,0.33366685723279754
SRR27387865,3,0,0,0.009486803570823273
SRR27387936,3,1,1,0.9397097784398301
SRR27387996,3,0,0,0.04486068686661522
SRR27387997,3,0,0,0.038294633654552435
SRR27387999,3,0,0,0.0418098219841642
SRR27388007,3,0,0,0.051373462040725654
SRR27388008,3,0,0,0.03270230674358006
SRR27388081,3,1,1,0.9226590367027906
SRR27388082,3,1,1,0.8884677371610435
SRR27388090,3,1,1,0.994930180446462
SRR27388098,3,1,1,0.9799134551519456
SRR27387689,6,1,1,0.9852956826413838
SRR27387755,6,1,1,0.9862878721767687
SRR27387766,6,1,1,0.8835102328076343
SRR27387770,6,1,1,0.9998799752627545
SRR27387777,6,1,1,0.9573218090893124
SRR27387782,6,1,1,0.999804717595678
SRR27387815,6,0,0,0.3447789823579886
SRR27387824,6,0,0,0.23669569688091652
SRR27387846,6,0,0,0.009620644905515613
SRR27387933,6,1,1,0.8564011353750487
SRR27387938,6,1,1,0.9073414758256227
SRR27387939,6,1,1,0.9046166587812953
SRR27387940,6,1,1,0.9804850857233409
SRR27387953,6,1,1,0.9683340023899814
SRR27387995,6,0,0,0.0075549240084699
SRR27388069,6,1,1,0.9987836120141828
SRR27388070,6,1,1,0.9994445913360409
SRR27388076,6,1,1,0.9919764882929328
SRR27388125,6,0,0,0.004367576076622678
SRR27388126,6,0,0,0.011469649891149614
SRR27388127,6,0,0,0.007184946846479101
SRR27388130,6,0,0,0.018423789039036936
SRR27387690,2,1,1,0.9382567680036922
SRR27387706,2,1,1,0.9390692964819433
SRR27387761,2,1,1,0.9748689741720438
SRR27387820,2,0,0,0.12213312371549538
SRR27387832,2,0,0,0.014834500766482489
SRR27387836,2,0,0,0.020113183664205486
SRR27387837,2,0,0,0.007465609317989536
SRR27387838,2,0,0,0.005939192298137669
SRR27387839,2,0,0,0.01629436806803218
SRR27387847,2,0,0,0.0025022083135797877
SRR27387848,2,0,0,0.007815640638935435
SRR27387849,2,0,0,0.006039314738390951
SRR27387850,2,0,0,0.004715270918928867
SRR27387851,2,0,0,0.002131548123646559
SRR27387866,2,0,0,0.004507626025555984
SRR27387867,2,0,0,0.0023993427294775396
SRR27387934,2,1,1,0.8136510686648244
SRR27387942,2,1,1,0.8796132334722786
SRR27388024,2,0,0,0.015311861714044353
SRR27388025,2,0,0,0.011776093856332845
SRR27388058,2,1,1,0.510376088492014
SRR27388059,2,1,0,0.438430687164043
SRR27387691,4,1,1,0.9999475188991531
SRR27387753,4,1,1,0.9897780034928482
SRR27387754,4,1,1,0.9946330365303093
SRR27387763,4,1,1,0.9269096416683461
SRR27387776,4,1,1,0.9504420993190884
SRR27387854,4,0,0,0.005201992708653577
SRR27387855,4,0,0,0.006767635858313897
SRR27387862,4,0,0,0.004863411807741403
SRR27387863,4,0,0,0.006796271724630722
SRR27387870,4,0,0,0.006643672991418366
SRR27387961,4,1,1,0.9234154361713386
SRR27387987,4,1,0,0.3249637451788677
SRR27388002,4,0,0,0.008200603587281412
SRR27388003,4,0,0,0.009904929732266088
SRR27388004,4,0,0,0.00856960004179166
SRR27388005,4,0,0,0.02117799173172547
SRR27388013,4,0,0,0.0034230481207446566
SRR27388014,4,0,0,0.019756754756458036
SRR27388023,4,0,0,0.00976070018521515
SRR27388078,4,1,1,0.9683235027672494
SRR27388088,4,1,1,0.9746561778966804
SRR27388100,4,1,1,0.9964197671364269
SRR27387692,1,1,1,0.992108123994984
SRR27387696,1,1,1,0.9550091737467806
SRR27387699,1,1,1,0.9534084447289403
SRR27387701,1,1,1,0.9905692211678904
SRR27387751,1,1,1,0.9604869007237129
SRR27387816,1,0,0,0.47588593698660764
SRR27387817,1,0,0,0.48370572412861434
SRR27387819,1,0,1,0.9960157995072798
SRR27387823,1,0,0,0.22767859384373398
SRR27387827,1,0,0,0.009673148886254887
SRR27387844,1,1,0,0.08511770885771282
SRR27387872,1,0,0,0.0034756565186733687
SRR27387873,1,0,0,0.0020835694021379587
SRR27387929,1,1,1,0.949392622016528
SRR27387932,1,1,1,0.9990318862037313
SRR27388017,1,0,0,0.0030339336981010717
SRR27388019,1,0,0,0.002282681095104585
SRR27388060,1,1,1,0.7578802992284956
SRR27388094,1,1,1,0.9941729759956247
SRR27388104,1,1,1,0.9990057689150106
SRR27388105,1,1,1,0.9994471425465971
SRR27388136,1,0,0,0.0063236880144913075
SRR27387694,0,1,1,0.9992379647465954
SRR27387695,0,1,1,0.9876934962115511
SRR27387697,0,1,1,0.9999285099997718
SRR27387708,0,1,1,0.9973966679920134
SRR27387756,0,1,1,0.9918267381570602
SRR27387767,0,1,1,0.99762743181254
SRR27387822,0,0,0,0.2817255766351299
SRR27387843,0,0,0,0.01193488350584122
SRR27387868,0,0,0,0.005070661558806115
SRR27387869,0,0,0,0.002858458663115441
SRR27387941,0,1,1,0.9734472116618824
SRR27387985,0,1,1,0.8911120906996938
SRR27388015,0,0,0,0.00740893883253817
SRR27388016,0,0,0,0.004215805238781764
SRR27388018,0,0,0,0.0036555477684267067
SRR27388064,0,1,0,0.4191937541037108
SRR27388084,0,1,1,0.9653220597733772
SRR27388095,0,1,1,0.9944252011645189
SRR27388124,0,0,0,0.009595815079962574
SRR27388131,0,0,0,0.010868338119456625
SRR27388132,0,0,0,0.006340139859311606
SRR27388141,0,0,0,0.006390882771509604
SRR27388142,0,0,0,0.00374235362119413
SRR27387705,9,1,1,0.9992829344238784
SRR27387786,9,1,1,0.9999769482138423
SRR27387811,9,1,1,0.9890211494520866
SRR27387814,9,1,1,0.9963355706511948
SRR27387833,9,0,0,0.0008303386854867264
SRR27387834,9,0,0,0.00197370085881176
SRR27387835,9,0,0,0.0016683602238729165
SRR27387871,9,0,0,0.0005759411581357623
SRR27387931,9,1,1,0.9909434055539634
SRR27387965,9,1,1,0.9997194186297909
SRR27387990,9,1,1,0.9467883486012534
SRR27387992,9,1,1,0.9907091173895209
SRR27388022,9,0,0,0.000988121640450813
SRR27388065,9,1,0,0.13916808925094554
SRR27388066,9,1,0,0.26604081202081314
SRR27388083,9,1,1,0.9985535500070093
SRR27388091,9,1,1,0.9997326333626767
SRR27388092,9,1,1,0.9996596194834975
SRR27388093,9,1,1,0.9999791692029893
SRR27388096,9,1,1,0.9999938051639472
SRR27388110,9,1,1,0.9988803693437887
SRR27388114,9,1,1,0.99152996918433
SRR27387758,7,1,1,0.8919435932766654
SRR27387760,7,1,1,0.8998278231709019
SRR27387765,7,1,1,0.9934188161097799
SRR27387773,7,1,1,0.9616687421439664
SRR27387778,7,1,1,0.994638696051316
SRR27387825,7,0,0,0.45482043505138886
SRR27387826,7,0,0,0.3966696349425209
SRR27387828,7,0,0,0.14040451380118074
SRR27387830,7,0,0,0.15615513099484707
SRR27387845,7,0,0,0.09480424824008654
SRR27387930,7,1,1,0.9109255852433521
SRR27387945,7,1,1,0.8644825911621513
SRR27387955,7,1,1,0.8454917296211544
SRR27388010,7,0,0,0.10032317194873543
SRR27388011,7,0,0,0.12197230875402829
SRR27388012,7,0,0,0.07120030494073758
SRR27388067,7,1,1,0.5027021522745498
SRR27388079,7,1,1,0.8190733444936451
SRR27388099,7,1,1,0.9610056761784838
SRR27388101,7,1,1,0.8795050386689718
SRR27388103,7,1,1,0.9776922771079238
SRR27388112,7,1,1,0.9525068343074418
SRR27387774,8,1,1,0.956690008221533
SRR27387775,8,1,1,0.894128889602045
SRR27387857,8,0,0,0.13463614120713632
SRR27387858,8,0,0,0.03011364596284945
SRR27387859,8,0,0,0.03825850171604497
SRR27387860,8,0,0,0.04447077661751936
SRR27387861,8,0,0,0.05575350179660535
SRR27387874,8,0,0,0.03094453035474199
SRR27387876,8,0,0,0.03518322603933605
SRR27387877,8,0,0,0.06387425612568264
SRR27387878,8,0,0,0.05278748631085832
SRR27387935,8,1,1,0.708391057243205
SRR27388000,8,0,0,0.08354287586801326
SRR27388001,8,0,0,0.08305744858572688
SRR27388006,8,0,0,0.04140848385288812
SRR27388061,8,1,1,0.5000303840303927
SRR27388062,8,1,1,0.5986825530462583
SRR27388075,8,1,1,0.7684025224357511
SRR27388080,8,1,1,0.9340156588114328
SRR27388087,8,1,1,0.9083920446507824
SRR27388137,8,0,0,0.10906280760651382
SRR27388138,8,0,0,0.07266292782622046
