feature,coefficient,importance,source
cnv_depth__IBNLCO_00176__Peptidoglycan__CDS__promoter,0.016576456097906145,,model_weight
cnv_depth__IBNLCO_00235__response__CDS__promoter,0.01876105804346768,,model_weight
cnv_depth__IBNLCO_00312__IBNLCO_00312__gene__promoter,0.0173098628919385,,model_weight
cnv_depth__IBNLCO_00328__IBNLCO_00328__gene,,0.014925373134328401,permutation_importance
cnv_depth__IBNLCO_00332__eamA__gene,,0.014925373134328401,permutation_importance
cnv_depth__IBNLCO_00356__hypothetical__CDS__promoter,,0.014925373134328401,permutation_importance
cnv_depth__IBNLCO_00393__IBNLCO_00393__gene,0.016876792811048296,,model_weight
cnv_depth__IBNLCO_00394__IBNLCO_00394__gene__promoter,0.016798503040395298,,model_weight
cnv_depth__IBNLCO_00406__VanZ__CDS__promoter,,0.01343283582089556,permutation_importance
cnv_depth__IBNLCO_00406__vanZ__gene,,0.01343283582089556,permutation_importance
cnv_depth__IBNLCO_00442__IBNLCO_00442__gene__promoter,,0.01343283582089556,permutation_importance
cnv_depth__IBNLCO_00494__IBNLCO_00494__gene__promoter,,0.01343283582089556,permutation_importance
cnv_depth__IBNLCO_00653__lactoylglutathione__CDS__promoter,0.017268709860962336,,model_weight
cnv_depth__IBNLCO_00667__sutR__gene__promoter,,0.01343283582089556,permutation_importance
cnv_depth__IBNLCO_00713__IBNLCO_00713__gene,,0.01343283582089556,permutation_importance
cnv_depth__IBNLCO_00725__Two-component__CDS__promoter,,0.01343283582089556,permutation_importance
cnv_depth__IBNLCO_00759__IS3__CDS__promoter,,0.014925373134328401,permutation_importance
cnv_depth__IBNLCO_00763__IBNLCO_00763__gene__promoter,,0.01343283582089556,permutation_importance
cnv_depth__IBNLCO_00792__bpeB__gene__promoter,0.019293500017157923,,model_weight
cnv_depth__IBNLCO_00829__msrA__gene__promoter,0.019323446894486947,,model_weight
cnv_depth__IBNLCO_00883__Integral__CDS__promoter,0.016871044675138988,,model_weight
cnv_depth__IBNLCO_00892__IBNLCO_00892__gene__promoter,0.018623799531068193,,model_weight
cnv_depth__IBNLCO_00951__CHASE2__CDS__promoter,0.023507589845010557,,model_weight
cnv_depth__IBNLCO_00981__HTH__CDS__promoter,-0.021083426622275463,,model_weight
cnv_depth__IBNLCO_00982__IBNLCO_00982__gene__promoter,-0.02089372006049079,,model_weight
cnv_depth__IBNLCO_01009__gnl|Bakta|IBNLCO_01009__CDS__promoter,0.02040439862935466,,model_weight
cnv_depth__IBNLCO_01013__Glycine__CDS,,0.014925373134328401,permutation_importance
cnv_depth__IBNLCO_01019__hypothetical__CDS,-0.016932756923807794,,model_weight
cnv_depth__IBNLCO_01057__IBNLCO_01057__gene,-0.016566593383512056,,model_weight
cnv_depth__IBNLCO_01079__tRNA__CDS__promoter,0.017064213022820966,,model_weight
cnv_depth__IBNLCO_01185__IBNLCO_01185__gene__promoter,,0.01343283582089556,permutation_importance
cnv_depth__IBNLCO_01297__proP__gene__promoter,-0.018724042542393595,,model_weight
cnv_depth__IBNLCO_01305__attH__gene__promoter,0.016396346058864055,,model_weight
cnv_depth__IBNLCO_01306__araC__gene__promoter,0.016851145503735256,,model_weight
cnv_depth__IBNLCO_01328__IBNLCO_01328__gene__promoter,0.02037900062700213,,model_weight
cnv_depth__IBNLCO_01367__HTH-type__CDS,,0.01343283582089556,permutation_importance
cnv_depth__IBNLCO_01448__Sulfurtransferase__CDS__promoter,0.01676494718988167,0.01343283582089556,"model_weight, permutation_importance"
cnv_depth__IBNLCO_01543__cpaE__gene__promoter,,0.01343283582089556,permutation_importance
cnv_depth__IBNLCO_01547__hypothetical__CDS,,0.01343283582089556,permutation_importance
cnv_depth__IBNLCO_01548__IBNLCO_01548__gene__promoter,0.023460288046418414,,model_weight
cnv_depth__IBNLCO_01551__hypothetical__CDS__promoter,,0.01343283582089556,permutation_importance
cnv_depth__IBNLCO_01579__trnfM__gene__promoter,-0.018081560939049737,,model_weight
cnv_depth__IBNLCO_01580__UPF0303__CDS__promoter,-0.01743608688211247,,model_weight
cnv_depth__IBNLCO_01730__GHMP__CDS__promoter,,0.01343283582089556,permutation_importance
cnv_depth__IBNLCO_01969__2-oxo-tetronate__CDS__promoter,,0.01343283582089556,permutation_importance
cnv_depth__IBNLCO_02024__IBNLCO_02024__gene__promoter,,0.014925373134328401,permutation_importance
cnv_depth__IBNLCO_02043__IBNLCO_02043__gene,0.018480834594841438,,model_weight
cnv_depth__IBNLCO_02054__Phenylserine__CDS__promoter,-0.01831652920718829,,model_weight
cnv_depth__IBNLCO_02103__NfeD-like__CDS__promoter,,0.01343283582089556,permutation_importance
cnv_depth__IBNLCO_02107__Peptidase__CDS__promoter,,0.014925373134328401,permutation_importance
cnv_depth__IBNLCO_02111__IBNLCO_02111__gene,,0.01343283582089556,permutation_importance
cnv_depth__IBNLCO_02173__Enoyl-[acyl-carrier-protein]__CDS__promoter,,0.01343283582089556,permutation_importance
cnv_depth__IBNLCO_02220__ISL3-like__CDS,,0.014925373134328401,permutation_importance
cnv_depth__IBNLCO_02226__Outer__CDS,,0.01343283582089556,permutation_importance
cnv_depth__IBNLCO_02269__IBNLCO_02269__gene,0.017667508113066235,,model_weight
cnv_depth__IBNLCO_02342__Ubiquinone__CDS__promoter,0.024955776635120087,,model_weight
cnv_depth__IBNLCO_02391__IBNLCO_02391__gene,-0.01900155031040205,,model_weight
cnv_depth__IBNLCO_02411__recO__gene__promoter,,0.01343283582089556,permutation_importance
cnv_depth__IBNLCO_02421__IBNLCO_02421__gene,0.019461744560329074,,model_weight
cnv_depth__IBNLCO_02506__hypothetical__CDS__promoter,,0.01343283582089556,permutation_importance
cnv_depth__IBNLCO_02529__xdhC__gene__promoter,0.018599514574617282,,model_weight
cnv_depth__IBNLCO_02570__gnl|Bakta|IBNLCO_02570__CDS__promoter,-0.019201569141243744,,model_weight
cnv_depth__IBNLCO_02571__hypothetical__CDS,-0.020505364025168303,,model_weight
cnv_depth__IBNLCO_02604__3%2C4-dihydroxy-2-butanone__CDS,-0.01909523623153444,,model_weight
cnv_depth__IBNLCO_02630__Aspartate__CDS,,0.014925373134328401,permutation_importance
cnv_depth__IBNLCO_02632__Urea__CDS__promoter,0.01773640209434885,,model_weight
cnv_depth__IBNLCO_02668__Bis(5'-nucleosyl)-tetraphosphatase%2C__CDS,,0.014925373134328401,permutation_importance
cnv_depth__IBNLCO_02674__UPF0301__CDS__promoter,,0.01343283582089556,permutation_importance
cnv_depth__IBNLCO_02685__IBNLCO_02685__gene__promoter,,0.01343283582089556,permutation_importance
cnv_depth__IBNLCO_02686__gnl|Bakta|IBNLCO_02686__CDS,,0.01343283582089556,permutation_importance
cnv_depth__IBNLCO_02692__IBNLCO_02692__gene,-0.018591209362344905,,model_weight
cnv_depth__IBNLCO_02742__putative__CDS__promoter,,0.01343283582089556,permutation_importance
cnv_depth__IBNLCO_02795__IBNLCO_02795__gene,,0.014925373134328401,permutation_importance
cnv_depth__IBNLCO_02833__IBNLCO_02833__gene__promoter,-0.016812840239791908,,model_weight
cnv_depth__IBNLCO_02855__secF__gene__promoter,0.02133620012372896,,model_weight
cnv_depth__IBNLCO_02866__THUMP__CDS__promoter,,0.01343283582089556,permutation_importance
cnv_depth__IBNLCO_02870__IBNLCO_02870__gene,,0.01343283582089556,permutation_importance
cnv_depth__IBNLCO_02887__Phosphoglycerate__CDS,,0.01343283582089556,permutation_importance
cnv_depth__IBNLCO_02928__Biopolymer__CDS__promoter,,0.01343283582089556,permutation_importance
cnv_depth__IBNLCO_02977__Glycine__CDS,0.0184860814843137,,model_weight
cnv_depth__IBNLCO_03003__DNA__CDS__promoter,,0.01343283582089556,permutation_importance
cnv_depth__IBNLCO_03022__Peptidoglycan__CDS__promoter,0.020207589789041254,,model_weight
cnv_depth__IBNLCO_03023__ftsL__gene,0.01818510378282581,,model_weight
cnv_depth__IBNLCO_03071__IBNLCO_03071__gene,0.017594160619426077,0.01343283582089556,"model_weight, permutation_importance"
cnv_depth__IBNLCO_03071__hypothetical__CDS__promoter,,0.01343283582089556,permutation_importance
cnv_depth__IBNLCO_03072__Glutamyl-tRNA__CDS__promoter,0.0166695245690815,0.01343283582089556,"model_weight, permutation_importance"
cnv_depth__IBNLCO_03081__rutE__gene,,0.01343283582089556,permutation_importance
cnv_depth__IBNLCO_03094__Protein__CDS__promoter,0.020146993174795465,,model_weight
cnv_depth__IBNLCO_03523__IBNLCO_03523__gene,,0.014925373134328401,permutation_importance
cnv_depth__IBNLCO_03524__hypothetical__CDS__promoter,,0.01343283582089556,permutation_importance
cnv_depth__IBNLCO_03567__IBNLCO_03567__gene,,0.014925373134328401,permutation_importance
cnv_depth__IBNLCO_03571__IBNLCO_03571__gene,,0.01343283582089556,permutation_importance
cnv_depth__IBNLCO_03621__tssF__gene__promoter,,0.01343283582089556,permutation_importance
cnv_depth__IBNLCO_03675__IBNLCO_03675__gene,,0.01343283582089556,permutation_importance
cnv_depth__IBNLCO_03689__IBNLCO_03689__gene,,0.01343283582089556,permutation_importance
cnv_depth__IBNLCO_03923__IBNLCO_03923__gene__promoter,,0.01343283582089556,permutation_importance
cnv_depth__IBNLCO_03941__3-oxoacyl-ACP__CDS__promoter,0.01887547649079582,,model_weight
cnv_depth__IBNLCO_03972__Succinyl-CoA:coenzyme__CDS__promoter,0.01718498354610086,,model_weight
cnv_depth__IBNLCO_03991__Type__CDS__promoter,,0.01343283582089556,permutation_importance
cnv_depth__IBNLCO_04061__Peptidase__CDS__promoter,,0.01343283582089556,permutation_importance
cnv_depth__IBNLCO_04081__IBNLCO_04081__gene__promoter,,0.01343283582089556,permutation_importance
cnv_depth__IBNLCO_04097__hypothetical__CDS,,0.014925373134328401,permutation_importance
cnv_depth__IBNLCO_04107__IBNLCO_04107__gene__promoter,0.01956271922384444,,model_weight
cnv_depth__IBNLCO_04108__Immunity__CDS,-0.01663989630062042,,model_weight
cnv_depth__IBNLCO_04112__IBNLCO_04112__gene__promoter,,0.01343283582089556,permutation_importance
cnv_depth__IBNLCO_04115__IBNLCO_04115__gene__promoter,0.01876645943417931,,model_weight
cnv_depth__IBNLCO_04115__hypothetical__CDS,0.01989575718363877,,model_weight
cnv_depth__IBNLCO_04141__2Fe-2S__CDS__promoter,0.021162363615024923,,model_weight
cnv_depth__IBNLCO_04148__hypothetical__CDS__promoter,0.017244404622642404,,model_weight
cnv_depth__IBNLCO_04172__hypothetical__CDS__promoter,0.01675158355950264,,model_weight
cnv_depth__IBNLCO_04208__IBNLCO_04208__gene__promoter,,0.014925373134328401,permutation_importance
cnv_depth__IBNLCO_04222__IBNLCO_04222__gene,-0.019600790873319115,,model_weight
cnv_depth__IBNLCO_04222__IBNLCO_04222__gene__promoter,-0.017867293652341226,,model_weight
cnv_depth__IBNLCO_04239__IBNLCO_04239__gene__promoter,0.01781178547702391,,model_weight
cnv_depth__IBNLCO_04275__Type__CDS__promoter,,0.014925373134328401,permutation_importance
cnv_depth__IBNLCO_04276__Diguanylate__CDS__promoter,0.01781625326974974,,model_weight
cnv_depth__IBNLCO_04288__IBNLCO_04288__gene__promoter,,0.01343283582089556,permutation_importance
cnv_depth__IBNLCO_04306__hypothetical__CDS,0.016700207095599256,,model_weight
cnv_depth__IBNLCO_04313__uvrY__gene__promoter,0.017745492987964403,,model_weight
cnv_depth__IBNLCO_04316__Universal__CDS__promoter,0.016800797473265978,,model_weight
cnv_depth__IBNLCO_04332__rihB__gene,,0.01343283582089556,permutation_importance
cnv_depth__IBNLCO_04345__IBNLCO_04345__gene,,0.01343283582089556,permutation_importance
cnv_depth__IBNLCO_04350__IBNLCO_04350__gene__promoter,-0.016365497965306505,,model_weight
cnv_depth__IBNLCO_04378__IBNLCO_04378__gene__promoter,0.01737300310571519,0.01343283582089556,"model_weight, permutation_importance"
cnv_depth__IBNLCO_04404__UspA__CDS__promoter,0.018371425934953143,0.01343283582089556,"model_weight, permutation_importance"
cnv_depth__IBNLCO_04459__IBNLCO_04459__gene__promoter,0.024637287122549614,,model_weight
cnv_depth__IBNLCO_04483__UDP-N-acetylglucosamine__CDS__promoter,,0.01343283582089556,permutation_importance
cnv_depth__IBNLCO_04505__SDR__CDS__promoter,-0.016812308040646047,,model_weight
cnv_depth__IBNLCO_04513__HPP__CDS__promoter,-0.016565615364582016,,model_weight
cnv_depth__IBNLCO_04514__LysR__CDS__promoter,-0.0186203817092771,,model_weight
cnv_depth__IBNLCO_04517__IBNLCO_04517__gene__promoter,0.01640284949017599,0.01343283582089556,"model_weight, permutation_importance"
cnv_depth__IBNLCO_04534__Dibenzothiophene__CDS__promoter,0.024382439529121395,,model_weight
cnv_depth__IBNLCO_04666__Beta-lactamase__CDS__promoter,-0.01765646642689509,,model_weight
cnv_depth__IBNLCO_04676__hypothetical__CDS__promoter,,0.01343283582089556,permutation_importance
cnv_depth__IBNLCO_04709__GTP__CDS__promoter,,0.014925373134328401,permutation_importance
cnv_depth__IBNLCO_04710__hypothetical__CDS,,0.014925373134328401,permutation_importance
cnv_depth__IBNLCO_04710__hypothetical__CDS__promoter,,0.014925373134328401,permutation_importance
cnv_depth__IBNLCO_04747__P9__gene__promoter,-0.01722356546260657,,model_weight
cnv_depth__IBNLCO_04748__gnl|Bakta|IBNLCO_04748__CDS__promoter,-0.021131387486047842,,model_weight
cnv_depth__IBNLCO_04765__hypothetical__CDS__promoter,0.016745366364395588,,model_weight
cnv_depth__IBNLCO_04797__1-aminocyclopropane-1-carboxylate__CDS__promoter,,0.014925373134328401,permutation_importance
cnv_depth__IBNLCO_04807__IBNLCO_04807__gene,,0.01343283582089556,permutation_importance
cnv_depth__IBNLCO_04819__IBNLCO_04819__gene,,0.01343283582089556,permutation_importance
cnv_depth__IBNLCO_04870__hypothetical__CDS,,0.01343283582089556,permutation_importance
cnv_depth__IBNLCO_04905__Choline__CDS,,0.01343283582089556,permutation_importance
cnv_depth__IBNLCO_04919__gnl|Bakta|IBNLCO_04919__CDS__promoter,0.01693891258284968,,model_weight
cnv_depth__IBNLCO_04934__JmjC__CDS,,0.01343283582089556,permutation_importance
cnv_depth__IBNLCO_04942__Tat__CDS__promoter,0.01849648405995723,,model_weight
cnv_depth__IBNLCO_04972__N-acetylmuramoyl-L-alanine__CDS__promoter,-0.017692031495054526,,model_weight
cnv_depth__IBNLCO_04982__Type__CDS,-0.016511317974757144,,model_weight
cnv_depth__IBNLCO_04983__Type__CDS__promoter,-0.019834723822644437,,model_weight
cnv_depth__IBNLCO_04986__Type__CDS__promoter,,0.01343283582089556,permutation_importance
cnv_depth__IBNLCO_05021__SctV__CDS,,0.01343283582089556,permutation_importance
cnv_depth__IBNLCO_05031__IBNLCO_05031__gene__promoter,0.020400186359474493,,model_weight
cnv_depth__IBNLCO_05056__Cellulose__CDS__promoter,,0.014925373134328401,permutation_importance
cnv_depth__IBNLCO_05066__hipB__gene,0.01820971784966672,,model_weight
cnv_depth__IBNLCO_05067__Toxin__CDS__promoter,0.02177163739855484,,model_weight
cnv_depth__IBNLCO_05088__phoB__gene__promoter,0.02175230224226443,,model_weight
cnv_depth__IBNLCO_05109__hrpB4__gene__promoter,0.019698717066208692,,model_weight
cnv_depth__IBNLCO_05125__LysR-family__CDS__promoter,0.017311473816247726,,model_weight
cnv_depth__IBNLCO_05127__HTH__CDS__promoter,-0.01774452321925817,,model_weight
cnv_depth__IBNLCO_05128__High-copy__CDS__promoter,-0.01759961980589509,0.014925373134328401,"model_weight, permutation_importance"
cnv_depth__IBNLCO_05133__rpoS__gene,,0.01343283582089556,permutation_importance
cnv_depth__IBNLCO_05198__LLM__CDS,-0.01823439819368704,,model_weight
cnv_depth__IBNLCO_05223__IBNLCO_05223__gene__promoter,-0.01825623522384576,,model_weight
cnv_depth__IBNLCO_05307__Linear__CDS,,0.01343283582089556,permutation_importance
cnv_depth__IBNLCO_05345__AI-2E__CDS__promoter,,0.01343283582089556,permutation_importance
cnv_depth__IBNLCO_05426__IBNLCO_05426__gene__promoter,,0.014925373134328401,permutation_importance
cnv_depth__IBNLCO_05531__IBNLCO_05531__gene__promoter,,0.01343283582089556,permutation_importance
cnv_depth__IBNLCO_05596__tssK1__gene__promoter,,0.01343283582089556,permutation_importance
cnv_depth__IBNLCO_05597__IBNLCO_05597__gene,,0.01343283582089556,permutation_importance
cnv_depth__IBNLCO_05682__SAF__CDS__promoter,0.019192273775271333,,model_weight
cnv_depth__IBNLCO_05684__IBNLCO_05684__gene__promoter,,0.01343283582089556,permutation_importance
cnv_depth__IBNLCO_05693__gnl|Bakta|IBNLCO_05693__CDS,,0.01343283582089556,permutation_importance
cnv_depth__IBNLCO_05694__hypothetical__CDS__promoter,0.016506386215554298,0.01343283582089556,"model_weight, permutation_importance"
cnv_depth__IBNLCO_05713__IBNLCO_05713__gene,,0.01343283582089556,permutation_importance
cnv_depth__IBNLCO_05717__mipA__gene__promoter,0.01809870461827149,0.01343283582089556,"model_weight, permutation_importance"
cnv_depth__IBNLCO_05722__IBNLCO_05722__gene,-0.01984502336563354,,model_weight
cnv_depth__IBNLCO_05735__IBNLCO_05735__gene__promoter,0.017566569989475235,,model_weight
cnv_depth__IBNLCO_05741__IBNLCO_05741__gene__promoter,,0.01343283582089556,permutation_importance
cnv_depth__IBNLCO_05751__Glycosyltransferase__CDS__promoter,-0.020257218554881915,,model_weight
cnv_depth__IBNLCO_05752__hypothetical__CDS__promoter,-0.01732532643994714,,model_weight
cnv_depth__IBNLCO_05760__IBNLCO_05760__gene__promoter,,0.01343283582089556,permutation_importance
cnv_depth__IBNLCO_05777__Ferredoxin--NAD(+)__CDS__promoter,0.02404322462668839,,model_weight
cnv_depth__IBNLCO_05778__traR__gene,0.021627887684199924,,model_weight
cnv_depth__IBNLCO_05780__IBNLCO_05780__gene,,0.01343283582089556,permutation_importance
cnv_depth__IBNLCO_05782__IBNLCO_05782__gene__promoter,0.01932677378964475,0.01343283582089556,"model_weight, permutation_importance"
cnv_depth__IBNLCO_05817__mlaC__gene__promoter,,0.01343283582089556,permutation_importance
cnv_depth__unknown__unknown__regulatory.1,-0.020545011260376934,,model_weight
cnv_depth__unknown__unknown__regulatory.18,,0.014925373134328401,permutation_importance
